model,cat,num_samples,keyword_leak_rate,avg_semantic_leak
llama3.1,boundary_questions,6,0.0,0.26470325390497845
llama3.1,hypothetical_questions,6,0.16666666666666666,0.2529583324988683
llama3.1,meta_questions,6,0.0,0.24879459043343863
llama3.1,moral_dilemmas,6,0.16666666666666666,0.23915094137191772
llama3.1,why_chains,9,0.0,0.1649381841222445
